Datetime,Water Level (m)
2026-08-07 18:00:00,-0.0041482286
2026-08-07 19:00:00,-0.0033912396
2026-08-07 20:00:00,-0.0027751722
2026-08-07 21:00:00,-0.002482449
2026-08-07 22:00:00,-0.0022392678
2026-08-07 23:00:00,-0.0019349552
2026-08-08 00:00:00,-0.002052652
2026-08-08 01:00:00,-0.002211278
2026-08-08 02:00:00,-0.0030487836
2026-08-08 03:00:00,-0.004442281
2026-08-08 04:00:00,-0.0055524185
2026-08-08 05:00:00,-0.007187602
2026-08-08 06:00:00,-0.009777781
2026-08-08 07:00:00,-0.010331861
2026-08-08 08:00:00,-0.009236058
2026-08-08 09:00:00,0.0057291766
2026-08-08 10:00:00,0.020171825
2026-08-08 11:00:00,0.03373393
2026-08-08 12:00:00,0.049032085
2026-08-08 13:00:00,0.06613093
2026-08-08 14:00:00,0.08334334
2026-08-08 15:00:00,0.09823417
2026-08-08 16:00:00,0.12136657
2026-08-08 17:00:00,0.13865776
2026-08-08 18:00:00,0.1534639
2026-08-08 19:00:00,0.16745207
2026-08-08 20:00:00,0.18154924
2026-08-08 21:00:00,0.19546916
2026-08-08 22:00:00,0.20966439
2026-08-08 23:00:00,0.22447823
2026-08-09 00:00:00,0.23948981
2026-08-09 01:00:00,0.25377437
2026-08-09 02:00:00,0.26732865
2026-08-09 03:00:00,0.2812727
2026-08-09 04:00:00,0.29504234
2026-08-09 05:00:00,0.3084976
2026-08-09 06:00:00,0.32185748
2026-08-09 07:00:00,0.33652747
2026-08-09 08:00:00,0.35256737
2026-08-09 09:00:00,0.3691966
2026-08-09 10:00:00,0.3874462
2026-08-09 11:00:00,0.40663546
2026-08-09 12:00:00,0.4262964
2026-08-09 13:00:00,0.4473121
2026-08-09 14:00:00,0.46818453
2026-08-09 15:00:00,0.48883572
2026-08-09 16:00:00,0.50894785
2026-08-09 17:00:00,0.5279736
2026-08-09 18:00:00,0.5465701
2026-08-09 19:00:00,0.56581855
2026-08-09 20:00:00,0.58573854
2026-08-09 21:00:00,0.6181602
2026-08-09 22:00:00,0.66939265
2026-08-09 23:00:00,0.7190876
2026-08-10 00:00:00,0.76687753
2026-08-10 01:00:00,0.81315756
2026-08-10 02:00:00,0.89177597
2026-08-10 03:00:00,0.97581255
2026-08-10 04:00:00,1.0439771
2026-08-10 05:00:00,1.104605
2026-08-10 06:00:00,1.1590786
2026-08-10 07:00:00,1.2081447
2026-08-10 08:00:00,1.2539607
2026-08-10 09:00:00,1.2986321
2026-08-10 10:00:00,1.3424101
2026-08-10 11:00:00,1.3857528
2026-08-10 12:00:00,1.4285827
2026-08-10 13:00:00,1.4692616
2026-08-10 14:00:00,1.5076351
2026-08-10 15:00:00,1.5448155
2026-08-10 16:00:00,1.5800335
2026-08-10 17:00:00,1.613218
2026-08-10 18:00:00,1.6447421
2026-08-10 19:00:00,1.674584
2026-08-10 20:00:00,1.7037147
2026-08-10 21:00:00,1.7332435
2026-08-10 22:00:00,1.7632767
2026-08-10 23:00:00,1.7934248
2026-08-11 00:00:00,1.8232441
2026-08-11 01:00:00,1.8523065
2026-08-11 02:00:00,1.8803707
2026-08-11 03:00:00,1.907459
2026-08-11 04:00:00,1.9331173
2026-08-11 05:00:00,1.9572203
2026-08-11 06:00:00,1.9798735
2026-08-11 07:00:00,2.000841
2026-08-11 08:00:00,2.0210009
2026-08-11 09:00:00,2.041767
2026-08-11 10:00:00,2.064045
2026-08-11 11:00:00,2.087828
2026-08-11 12:00:00,2.1128628
2026-08-11 13:00:00,2.1377974
2026-08-11 14:00:00,2.1622124
2026-08-11 15:00:00,2.1874683
2026-08-11 16:00:00,2.2296844
2026-08-11 17:00:00,2.2862697
2026-08-11 18:00:00,2.336335
2026-08-11 19:00:00,2.389272
2026-08-11 20:00:00,2.4334598
2026-08-11 21:00:00,2.4645774
2026-08-11 22:00:00,2.4923925
2026-08-11 23:00:00,2.5185537
2026-08-12 00:00:00,2.543672
2026-08-12 01:00:00,2.5675058
2026-08-12 02:00:00,2.5900488
2026-08-12 03:00:00,2.6112452
2026-08-12 04:00:00,2.6309729
2026-08-12 05:00:00,2.649358
2026-08-12 06:00:00,2.6664193
2026-08-12 07:00:00,2.6820195
2026-08-12 08:00:00,2.6964016
2026-08-12 09:00:00,2.710671
2026-08-12 10:00:00,2.7258255
2026-08-12 11:00:00,2.741839
2026-08-12 12:00:00,2.7583554
2026-08-12 13:00:00,2.775465
2026-08-12 14:00:00,2.792362
2026-08-12 15:00:00,2.8086424
2026-08-12 16:00:00,2.8243864
2026-08-12 17:00:00,2.8390324
2026-08-12 18:00:00,2.8525045
2026-08-12 19:00:00,2.8657584
2026-08-12 20:00:00,2.877863
2026-08-12 21:00:00,2.8886392
2026-08-12 22:00:00,2.8993769
2026-08-12 23:00:00,2.9088395
2026-08-13 00:00:00,2.902715
2026-08-13 01:00:00,2.9020448
2026-08-13 02:00:00,2.9028535
2026-08-13 03:00:00,2.9040911
2026-08-13 04:00:00,2.9057624
2026-08-13 05:00:00,2.9073472
2026-08-13 06:00:00,2.90895
2026-08-13 07:00:00,2.9104416
2026-08-13 08:00:00,2.9111328
2026-08-13 09:00:00,2.9117362
2026-08-13 10:00:00,2.9137988
2026-08-13 11:00:00,2.918287
2026-08-13 12:00:00,2.92393
2026-08-13 13:00:00,2.931404
2026-08-13 14:00:00,2.9391656
2026-08-13 15:00:00,2.9477613
2026-08-13 16:00:00,2.9554384
2026-08-13 17:00:00,2.962876
2026-08-13 18:00:00,2.9694912
